,LOA_CODE,RIDER_PRD_CODE,INIT_V_CHECK,POL_NO,bel
0,201913,5006000,0,200000000000,-30000.3000000
1,201913,5006001,0,200010000000,-10000.1000001
2,201913,5006002,0,200020000000,20000.2000002
3,201913,5006003,0,200030000000,30000.3000003
4,201913,5006004,0,200040000000,-40000.4000004
